{
    "source": {
        "0.png": [
            [
                0.7496655317609927,
                -0.009217431882635112,
                -0.016147951131646465
            ],
            [
                0.009217431882635161,
                0.7496655317609925,
                -0.029463862136765773
            ]
        ]
    },
    "target": {
        "0.png": [
            [
                0.7431328178027715,
                -0.006880544637538283,
                -0.008933454072952873
            ],
            [
                0.006880544637538335,
                0.7431328178027715,
                -0.03535436539830472
            ]
        ]
    }
}