{
    "source": {
        "0.png": [
            0.5503541483826297,
            -0.07025369341095013,
            -16.609367122178234,
            0.0702536934109501,
            0.5503541483826297,
            -44.55289948887182
        ]
    },
    "target": {
        "0.png": [
            0.4958475952061502,
            -0.03271332091614592,
            -115.66629173181192,
            0.03271332091614595,
            0.4958475952061502,
            -81.40164120569783
        ]
    }
}